Venus,Grimes,lectus.rutrum@Duisa.edu
Fletcher,Owen,metus@Aenean.org
William,Hale,eu.dolor@risusodio.edu
TaShya,Cash,tincidunt.orci.quis@nuncnullavulputate.co.uk
Kevyn,Hoover,tristique.pellentesque.tellus@Cumsociis.co.uk
Jakeem,Walker,Morbi.vehicula.Pellentesque@faucibusorci.org
Malcolm,Trujillo,sagittis@velit.edu
Wynne,Rice,augue.id@felisorciadipiscing.edu
Evangeline,Klein,adipiscing.lobortis@sem.org
Jennifer,Russell,sapien.Aenean.massa@risus.com
Rama,Freeman,Proin@quamPellentesquehabitant.net
Jena,Mathis,non.cursus.non@Phaselluselit.com
Alexandra,Maynard,porta.elit.a@anequeNullam.ca
Tallulah,Haley,ligula@id.net
Timon,Small,velit.Quisque.varius@gravidaPraesent.org
Randall,Pena,facilisis@Donecconsectetuer.edu
Conan,Vaughan,luctus.sit@Classaptenttaciti.edu
Dora,Allen,est.arcu.ac@Vestibulumante.co.uk
Aiko,Little,quam.dignissim@convallisest.net
Jessamine,Bauer,taciti.sociosqu@nibhvulputatemauris.co.uk
Gillian,Livingston,justo@atiaculisquis.com
Laith,Nicholson,elit.pellentesque.a@diam.org
Paloma,Alston,cursus@metus.org
Freya,Dunn,Vestibulum.accumsan@metus.co.uk
Griffin,Rice,justo@tortordictumeu.net
Catherine,West,malesuada.augue@elementum.com
Jena,Chambers,erat.Etiam.vestibulum@quamelementumat.net
Neil,Rodriguez,enim@facilisis.com
Freya,Charles,metus@nec.net
Anastasia,Strong,sit@vitae.edu
Bell,Simon,mollis.nec.cursus@disparturientmontes.ca
Minerva,Allison,Donec@nequeIn.edu
Yoko,Dawson,neque.sed@semper.net
Nadine,Justice,netus@et.edu
Hoyt,Rosa,Nullam.ut.nisi@Aliquam.co.uk
Shafira,Noel,tincidunt.nunc@non.edu
Jin,Nunez,porttitor.tellus.non@venenatisamagna.net
Barbara,Gay,est.congue.a@elit.com
Riley,Hammond,tempor.diam@sodalesnisi.net
Molly,Fulton,semper@Naminterdumenim.net
Dexter,Owen,non.ante@odiosagittissemper.ca
Kuame,Merritt,ornare.placerat.orci@nisinibh.ca
Maggie,Delgado,Nam.ligula.elit@Cum.org
Hanae,Washington,nec.euismod@adipiscingelit.org
Jonah,Cherry,ridiculus.mus.Proin@quispede.edu
Cheyenne,Munoz,at@molestiesodalesMauris.edu
India,Mack,sem.mollis@Inmi.co.uk
Lael,Mcneil,porttitor@risusDonecegestas.com
Jillian,Mckay,vulputate.eu.odio@amagnaLorem.co.uk
Shaine,Wright,malesuada@pharetraQuisqueac.org
Keane,Richmond,nostra.per.inceptos@euismodurna.org
Samuel,Davis,felis@euenim.com
Zelenia,Sheppard,Quisque.nonummy@antelectusconvallis.org
Giacomo,Cole,aliquet.libero@urnaUttincidunt.ca
Mason,Hinton,est@Nunc.co.uk
Katelyn,Koch,velit.Aliquam@Suspendisse.edu
Olga,Spencer,faucibus@Praesenteudui.net
Erasmus,Strong,dignissim.lacus@euarcu.net
Regan,Cline,vitae.erat.vel@lacusEtiambibendum.co.uk
Stone,Holt,eget.mollis.lectus@Aeneanegestas.ca
Deanna,Branch,turpis@estMauris.net
Rana,Green,metus@conguea.edu
Caryn,Henson,Donec.sollicitudin.adipiscing@sed.net
Clarke,Stein,nec@mollis.co.uk
Kelsie,Porter,Cum@gravidaAliquam.com
Cooper,Pugh,Quisque.ornare.tortor@dictum.co.uk
Paul,Spencer,ac@InfaucibusMorbi.com
Cassady,Farrell,Suspendisse.non@venenatisa.net
Sydnee,Velazquez,mollis@loremfringillaornare.com
Felix,Boyle,id.libero.Donec@aauctor.org
Ryder,House,molestie@natoquepenatibus.org
Hadley,Holcomb,penatibus@nisi.ca
Marsden,Nunez,Nulla.eget.metus@facilisisvitaeorci.org
Alana,Powell,non.lobortis.quis@interdumfeugiatSed.net
Dennis,Wyatt,Morbi.non@nibhQuisquenonummy.ca
Karleigh,Walton,nascetur.ridiculus@quamdignissimpharetra.com
Brielle,Donovan,placerat@at.edu
Donna,Dickerson,lacus.pede.sagittis@lacusvestibulum.com
Eagan,Pate,est.Nunc@cursusNunc.ca
Carlos,Ramsey,est.ac.facilisis@duinec.co.uk
Regan,Murphy,lectus.Cum@aptent.com
Claudia,Spence,Nunc.lectus.pede@aceleifend.co.uk
Genevieve,Parker,ultrices@inaliquetlobortis.net
Marshall,Allison,erat.semper.rutrum@odio.org
Reuben,Davis,Donec@auctorodio.edu
Ralph,Doyle,pede.Suspendisse.dui@Curabitur.org
Constance,Gilliam,mollis@Nulla.edu
Serina,Jacobson,dictum.augue@ipsum.net
Charity,Byrd,convallis.ante.lectus@scelerisquemollisPhasellus.co.uk
Hyatt,Bird,enim.Nunc.ut@nonmagnaNam.com
Brent,Dunn,ac.sem@nuncid.com
Casey,Bonner,id@ornareelitelit.edu
Hakeem,Gill,dis@nonummyipsumnon.org
Stewart,Meadows,Nunc.pulvinar.arcu@convallisdolorQuisque.net
Nomlanga,Wooten,inceptos@turpisegestas.ca
Sebastian,Watts,Sed.diam.lorem@lorem.co.uk
Chelsea,Larsen,ligula@Nam.net
Cameron,Humphrey,placerat@id.org
Juliet,Bush,consectetuer.euismod@vitaeeratVivamus.co.uk
Caryn,Hooper,eu.enim.Etiam@ridiculus.org
